Fabregas FC Barcelona is te kloppen http dlvr it GYXSq,=
marhoogeveen doe mij maar 2 weken barcelona NUUUUU,=
niconijenhuis Die kon er niet bij zijn in Barcelona vandaag blijkbaar,=
Vivian908 nog een maandje wachten dan Barcelona en volgend een week vrij watklaagjenou,=
Filipvds als iedereen dat doet win ik de Barcelona reis De stem daar is in elk geval weinig relevant afasradio afwasradio afas,=
Het stagebedrijf waar ik 28 2 begin twittert Barcelona gay guide shopping bars discos and more http bit ly eZv0Kg nualleukdus p,=
RT lucasdaogaru vandaag is champions league grof hoor laat staan morgen FC BARCELONA ARSENAL FC ergggggggg,+
Afscheid van een topspits Ronaldo Cruzeiro PSV Barcelona Inter RMadrid ACMilan Corinthians 611 wedstrijden 414 goals,+
Vanmiddag online inchecken Barcelona Woe nog 2 weken,=
Ik verheug me toch wel op Arsenal barcelona,+
Fabregas FC Barcelona is te kloppen VoetbalPrimeur nl http goo gl fb 0Ih5B energie,=
Sporting Gijon Barcelona Samenvatting van de wedstrijd Sporting Gijon Barcelona http tinyurl com 4jqrg7l sport1 video,=
Dat voorspelt geen mooi weer Barcelona http moby to z93meu,-
Hoe zou het in Barcelona zijn bij het MWC10,=
vincente thanks en veel plezier Jammer van de regen hier in Barcelona,-
En Barcelona,=
RT Hamer038 ramon038 sowieso hallo evert vandaag zijn we bij de wedstrijd fc zwolle barcelona,=
Samsung heeft gisteren op het Mobile World Congress in Barcelona de Galaxy S ll gelanceerd Deze razendsnelle d http bit ly fzAM7E,=
Overmorgen Arsenal Barcelona,=
http j mp ihFJRU Madrid Barcelona hebben de vieste lucht van Europa De twee Spaanse stede http bit ly ggFd95 madrid campings,-
Overmorgen DE kraker Arsenal vs Barcelona championsleague,+
Fabregas denkt dat FC Barcelona te verslaan is Voetballiefhebbers over de hele wereld maken zich klaar voor de http bit ly i4bOzR,=
Nog 2 dagen werken deze week en dan op naar Barcelona Jeej,+
Vanaaf AC Milan morgen Barcelona CL,=
Jimmix85 Mitchf89 KamielDaemen Gaat Fc Barcelona weer door naar de volgende ronde of word het toch arsenal dat voor de verrassing zorgt,=
Onderweg naar Barcelona Heb iets met die stad,+
BrancoAFCA AC Milan Totterham Hotspur is een Toppertje Arsenal Barcelona,+
Nog ff twissen en dan naar het werk maar iig zeker Barcelona 11,=
Oke dus MIssMoekieBaby vertelde me vandaag dat we misschien in Barcelona naar het zwembad gaan,=
"fc barcelona 31 gewonnen van arsenal , dus door naar volgende ronde",=
"bara tikt arsenal dol  woensdag 9 mrt 2011 , 09  respectievelijk 127/108 en 110/100 . de londenaren zetten daar 339 passes tegenover , waarvan er slechts 199 aankwamen . jack wilshere en gaÃ«l clichy kwamen nog het meest in balbezit ; zij verstuurden veertig passes . 68 balbezit tenslotte had barcelona 68 van het balbezit , tegen 32 voor arsenal . qua hoekschoppen was de verhouding 52 , qua gele kaarten 05 .",=
#bendegraaf zoekt sporterstop die de sportvoeding van oa . fc barcelona en mn leo messi willen testen . gratis lichaamanalyse bij de opstart,=
"barcelona , camp nou morgen tm dinsdag barcelona , en fc bara zaragoza !",=
"thuis , barca , stad morgen naar barcelona , zondag wedstrijd fc barca en maandag weer terug voor carnaval : d",=
zlatan ibrahimovics indrukwekkende lijst : 2003/2004 kampioen met ajax . 2004/2005 kampioen met juventus . 2005/2006 kampioen met juventus . 2006/2007 kampioen met inter milan . 2007/2008 kampioen met inter milan . 2008/2009 kampioen met inter milan . 2009/2010 kampioen met barcelona . 2010/2011 kampioen met ac milan .,+
we zien wel wordt beetje moe van dat gezeik over tattoo  p . voor woensdag nog ff kijken of ik ga spinnen want dan is ook de kampioenswedstrijd van fc barcelona,-
zondag naar fc barcelona espanyol geweest 20 ! ! ! ! gister ziek . nu weer voor het eerst naar school,-
fc barcelona kampioen van spanje .,=
levante yeahhh fc barcelona kampioen  llll . derder landstitel op rij,+
thuis voor de buis jajajaja fc barcelona kampioen van spanje ! ! ! !,=
thuis ik ben trots op fc barcelona weer kampioen : p,+
fc barcelona kampioen van spanje,=
cafe delierious vanavond : bingo avond en natuurlijk wordt ook de kampioenswedstrijd van fc barcelona uitgezonden ! !,=
rust pakken 20 : 00 tegen fc barcelona .,=
