dc06 dat is dan maar te hopen je weet het maar nooit met die cohen,=
ik had ook wel een valentijntje van Job Cohen verwacht,=
mg2802 de eerste had ik van Job Cohen gekregen en de tweede van de NS Heeft Ray geen bos rozen voor je gehaald,=
Usedtobeetle justorowan ga maar leren jorrit vanavond 8 30 weer cohen,=
De PVDA moet de PVV kapot maken Jammer genoeg zit die eerste vol volgevreten babyboomers freekdejonge wimdebie jobcohen,-
De PvdA posters zijn te groot voor de vlakken Heeft rekenwonder JobCohen de formaten berekend vvd zekerNU,-
NNyarnon 3fm we vergelijken job cohen toch ook niet met Stalin,=
Ga het nog eens zeggen Cohen Pechtold als jullie niet een echte nieuwe visie neerzetten speelt Wilders regering en oppositie,=
tomlouwerse Dat komt omdat er ook Amsterdammers meedoen zoals die Cohen,=
klapster moet jij niet bezig zijn met een sociaal verhaal te verzinnen dat er volgens Cohen zelf nog niet is ipv 241 redenen tezoeken,=
Hier op pvv hahaha meestal RT RavenWaW NNyarnon 3fm we vergelijken job cohen toch ook niet met Stalin,+
Job Cohen kan niks pownews,-
pownews Gaat Cohen dan nog een keer goed optreden die kans is net zo groot als de wereld ontploft in 2012 powned,-
Job Cohen zoals altijd goed voorbereid pownews,+
Hahaha die job Cohen loopt weer onozel te praten pownews,-
Job Cohen loser,-
BurcKaratay Ik dacht dat Cohen Pechtold etc de PVV en diens kiezers aan het uitsluiten waren Inderdaad zo 1945,-
annewillucas Heb je ooit een soepel lopend interview met Cohen gezien Mark heeft laten zien hoe het wel moet,+
Emeliemol had er wel een van jou verwacht maar helaas alleen van Job Cohen Jij nog stille aanbidders,-
Het fatsoenlijke is er bij jobcohen pvda wel vanaf Hij verlaagt zich inmiddels ook http bit ly dUZmov,-
PvdA basht vrolijk mee Terwijl ze ooit compromissen verdedigde Cohen ruwe spel zegt te verafschuwen http t co lyx7zBt m djnieuwboer,+
Cohen Sap en Roemer glunderend om dat het OV in de grote steden plat gelegd wordt Is er een beter stemadvies denkbaar,=
Vrommeltje Net alsof de PvdA daar genoeg stemmen voor gaat krijgen met Cohen aan het roer P,-
LEEST Oudjes in zorghuis mijden koffieschenkende Wilders http bit ly eiUYxr Liever op de thee met Cohen dan op de koffie met Wilders,+
tjan En toch ga ik nog altijd liever bij Cohen op de thee dan bij Geert op de koffie,+
Wilders zeurt een decennia over theedrinkende Cohen en gaat nu zelf koffieschenken 10 voor de Wildersmijdende ouderen haha,-
Blondemevrouw Geen idee Zal me eerlijk gezegd ook aan m n anus oxideren Zolang Cohen zakt mag ie blijven,-
LeoNs Twiet Iemand stigmatiseren mwoehahaha Heb je Job Cohen op de thee Succes met alles en onthoud Nat soc variant socialisme,+
RT rogervloon ook een vernietigend artikel over de PvdA in de pers Cohen framet basht en bijt net zoveel als anderen,-
"bjob cohen/b , je hebt de politieke kwaliteiten van een tuinboon , maar je bent vast een enorm zorgzame echtgenoot !",+
daler voor job cohen geniaal mark  //www . dumpert . nl/mediabase/1104871/a5184a5b/mooi . html,+
#fail #cohen #pvda zendt oud spotje stem op 2 maart pvda tweemaal achter elkaar uit op 14 maart . reddeloosheid . . . .,-
interactieve hdtelevisie van kpn waardeloos . . . . het beeld stottert nog erger dan job cohen tijdens het einddebat . . .,-
"en oja . . . geld voor jeugdzorg gaat nu volgens job cohen ook toebehoren aan opleidingen en scholing voor leraren . . . dus jeugdzorg . . . zeg maar dag met je grote flappen . . . het geld gaat nu rechtsstreeks naar scholen en kinderen . . . daar waar het hoort , en jullie . . . krijgen een totaal andere manier van werken . . . plan 2 bureau jeugdzorg in de maak !",=
"zwaaizwaai denkt dat #cohen al een boekje schrijft . net als femke halsema . strak in juli , of augustus , geruisloze wisseling van de macht .",=
"nrc : cohen , pvda meer partij van politiek dan van bestuurders . , nu te veel bestuurders .",=
duurtlang job cohen had bbbeter auditie kunnen doen voor the kings speech dan de politiek in gaan .,-
de hond stelt vast dat de #pvda één van de slechtste resultaten heeft behaald uit haar politieke geschiedenis . hoera voor hyver=pvdajobcohenjob cohen/hyver,-
"zo miss krijgt cohen toch zijn zin zeg , een land zonder functionerende regering . way to go : p",=
de sneeuwschuiver van job cohen gaat de wegen vrij maken van rechtse hobbys zodat het land weer in beweging komt .,=
"? christa : hyver=miitsjuhhimitch twitter . com/imitchk/hyver trouwens , je moet wel een complete idioot zijn als je op job stotter cohen en zijn vriendjes stemt . ? sharon",-
krijg n doorstuurbericht . stem allemaal morgen op job cohen ! hahah arme mensen . . die zullen morgen lang zoeken op de lijst . .,-
"teken jij in navolging van roemer , cohen , sap en rouvoet ook het manifest armoede werkt niet ? http : //tinyurl . com/4g83pn5",=
"cohen de hakkelaar amsterdam pvdaleider job cohen heeft tijdens een verkiezingsdebat rechtstreeks op televisie opnieuw een onzekere indruk achtergelaten . de voorman van de sociaal democraten hakkelde tijdens een debat met pvv eerste kamer lijsttrekker machiel de graaf een minuut lang . job cohen weet zich niet altijd raad met machiel de graaf tijdens het debat foto  anp cohen betoogde dat het huidige rechtse kabinet de foute keuzes maakt . het verlaagt de villabelasting en het bezuinigt op het ehh passend onderwijs . het rent door de bijstand heen , het snoeit op de bijstand . het snoeit op de bijstand . het schaft een tweede jsf af ehh aan . cohen was duidelijk zijn tekst kwijt in het weinig opwindende debat dat eigenlijk geen winnaars kende",-
