Chelsea doet goede zaken Manchester United nu al kampioen,+
RT GiooRA RT SODMGLesje Lang leven Manchester United,+
Lloris zou Van der Sar graag opvolgen bij Man Utd Hugo Lloris ziet het wel zitten op bij Manchester United de o http bit ly eZNXU6,=
Manchester United nog steeds 1e in de PL,=
NOS Sport United nog een maand zonder Park Manchester United moet het ongeveer vier weken stellen zonder Park Ji Sung http bit ly i6MaAU,=
nog even manchester united marseille kijken . . dan slapen . ! ! morgen naar 020 : s met school . .,=
Touax Ik en mijn brother gaan naar Liverpool Manchester United : cheering : Deze reis gekregen van mijn schatje,+
maar hoeveel staat het by manchester united ? ?,=
wayne rooney zou graag zien dat edwin van der sar nog een jaartje doorgaat bij manchester united . de doelman is volgens de spits nog steeds de beste van de wereld l,+
morgenvroeg vertrekken samen met tom naar manchester ! voor man united olympique marseille ! heb er zin in !,+
eredivisie live manchester united arsenal,=
home en etenstijd tilburg manchester united arsenal aant kijke . . . strax lekker uiteten met mijn man en vriendin . . . . . jummy ! ! ! !,+
in de unie nu manchester united arsansal kijken in de unie,=
"manars tijd voor de #facup manchester unitedarsenal , mooie wedstrijd hoop ik !",+
bierhuis thuis chelsea manchester united kijken ! !,=
slaaplekker zo maar lekker slapen ! vanavond mooie wedstrijd gezien chelseamanchester united morgen bara weer aan de beurt tegen valencia . .,+
home kanker scheidsen daar in engeland . . . cockneys 21 manchester united,-
"nog een paar uur werken , en dan op naar amsterdam . kroegje doen slapen vliegtuig kroeg liverpool slapen wedstrijd liverpool vs . manchester united . vliegen slapen . hahhaha wat een mooi weekend !",+
morgen naar engeland !  daar ff de wedstrijd liverpool manchester united kijken,=
"vanmiddag eerst liverpool manchester united kijken , daarna ajax az . dus weer een lekker voetbal middagje  . en dan vanavond nog 1 x carnavallen",+
"weer thuis . net ff gevoetbald met mijn broertje . nu lekker een voetbalmiddagje . met zo eerst liverpool manchester united , en daarna ajax az . vanavond dan voor de laatste x carnavallen",+
heefey liverpool manchester united of heerenveen feyenoord . tja . zo moeilijk is het niet . #luis #suarez #livman,=
mooi liverpool 20 manchester united .,+
liverpool 31 manchester united  d 3 goal van de katwijker kuyt  d,=
straks proberen te volgen wat arsenal tegen manchester united doet is natúúrlijk weer net op el 3  . en nu ff naar het dorp om te zien of ik niet toch nog dat kadootje voor liam kan vinden . . .,=
"maandag heerlijk , ff dagje vrij . met vrouwtje gaat het weer een stuk beter gelukig maar . 28 mei wordt cafe stapps inn het kleinste spaanse cafeetje van zwolle . net als vorig jaar met de finale van de champions lueage . deze keer ; barcelona manchesterunited . wedstrijd begint om 20 . 45 voor de spaanse tapas en spaans bier wordt gezorgd , nadere informatie volgt nog . zet het vast in je agenda ! ! ! ! ! ! ! als je het leuk vindt tenminste",+
"bajax/b wint dan niet de beker en dat is klote , maar het komt goed . ibarcelona/i gaat wel kampioen worden , maar verloor de beker tegen real madrid . imanchester united/i gaat naar alle waarschijnlijkheid ook kampioen worden , maar won ook niet de beker . iborussia dortmund/i is al kampioen van duitsland , maar deed dat ook zonder de beker te winnen ! ! bajax/b gaat gewoon kampioen worden . . . . . . die dubbel komt later wel .",+
"home manchester united kampioen , fc twente heeft terecht de beker , mijn dag kan niet meer stuk : d",+
manchester united speelt zo slecht voetbal maar wint bijna altijd echt fucking vals man ! ! !,-
"sport1 wereldactie luis suarez schitterende solo , 4 man het bos in laat dirk kuyt de 10 over de lijn lopen ! 10 liverpool manchester united !",=
kuyt heeft er gewoon 2 gescoord tegen manchester united !,=
manchester united eet gewoon een jantje van liverpool .,=
kuyt sloopt manchester united  //bit . ly/g6itfg,=
"texaco vanavond europoort hull en morgen naar liverpool . zaterdag naar burnley met de jongens , maar het is ook manchester united tegen arsenal . . . . . . . . mhmm ook leuk ! ! ! !",+
mijn eigen manchester united . sjaal  afkomstig uit old trafford gekregen van me vader l . media id=12540050212dne size=large,=
"druk weekend 2 voetbalwedstrijden met kids dan rugby , manchester united en verschillende feestjes pfffff maandag maar weer uitrusten op kantoor",=
"manchester united is tof mang , , ze starten met 7 verdedigers in de basis",+
"een zwarte dag in het voetbal , ajax verliest van twente , door een late goal van janko uit een vrijetrap die geen vrijetrap was . en daar naast verliest chelsea van manchester united doordat de spelers van manchester de scheidsrechter proberen te bespelen . een zwarte dag in het voetbal .",-
"hernandez ft . vidic arsenal verloor met 31 dus titel weg , nu manchester untied tegen chelsea en staat 20 in de rust , dalijk dus definitief de titel binnen voor united",=
cashen 2 euro ingezet op fc twente #tweaja #komoptukkers en 1 euro ingezet op manchester united #manche #unibet,=
thuis gescoord assist gistere 31 gewonnen ! nu lekker niks doen en wachten tot 5u dan lekker de titel binnen slepen glory glory manchester united ! !,+
"thuus in azzen het was weer es weekend , dus         enz . enz . gedaan . zaterdagmiddag met de boys naar ltc geweest  een 51 overwinning gezien en savonds weer es naar de oosterpoort naar the rb night . los lonely boys en jhonny winter waren wel de toppers . vanmiddag   kijken en dan om 17 . 15 de topper in engeland kijken , manchester united tegen chelsea  de nederlandse beker kan me gestolen worden . volgende week een volle week werken , zal wel wennen zijn",=
"wij organiseren met onze vriendengroep de kaaimannen op zaterdag 28 mei de crazy croco night . deze gezellige avond trapt om 20 . 00 u af met de champions league finale barcalona manchester united . daarna gaan we ouderwets los op de hits uit de jaren 70 , 80 90 ! kortom een feest dat je niet mag missen ! place to be : caf kerkzicht in riel media id=1304585060kfaf size=small",=
jaaaaaa 20 voor manchester united bij rust in de fa youth cup finale . . gyliano gaat een fa youth cup op zijn naam schrijven . .,=
