misg doe ik zo nike jasje aan tis warm,=
Het is wel ff wenen hoor om geen nike dunkies aan me voeten te hebben,=
floorvanbalken okee is goed maar hoelaat enzo en gewoon trainings broek en nike s toch,=
Nikes in de was gedaan Hope dat ik t goed heb gedaan haha Bid met me mee,=
Zo dat meisje tegenover me heb echt lovely nike airmax,+
Hahah lizanne heeft haar nikes binnen in stiletto vorm weetje wel hakken met een nike teken,=
Leuk Nike icm Apple 11km hardgelopen en 856 calorien verbrand in 58 min,+
Even lekker rondgesnuffeld in den haag b Concrete check de site vette spullen en n heel kek Nike jasje gescored http yfrog com h3loplvj,+
Ook presentatoren sluiten sponsor deals http nyti ms gMf4Oy Heeft JJ van Gangelen een deal met Nike Air Max En Mart dan,=
Nike Blazer is ook hard,=
RT SchoneJongen Nike Blazer is ook hard lt gt maar word wel lekkerder weer he,+
hhttp twitpic com 3zv7os iedereen nice gekleed komt ex weer met ze trainingsbroek en nike airmax,=
Beginnende twitteraars volgen het Nike principe just do it sylviawitteman,=
Eey wie weet waar je in NL Nike Jordans kan kopen Geef me info want ik weet never,=
best raar op gala liep ik rond met nike vestje en morgen opschool in een blous xD,=
Koooooooop Nike 2010 Nieuw Schoenen Nike Goedkoop en Nieuwe 100 Nieuwe Goedkoop en nie http tinyurl com 4ctoefm,=
wie geeft mij nike dunks voor me verjaardag,=
eindelijk die nakkers van nike gemaild nu maar even slapen twexit,-
RT RRaoellRS ik heb niet over Nike als ik tegen een boy zeg Just Do It whahahh je ben gay man oels,=
Zo van verveling met nike id Maar ik zou het wel dragen http plixi com p 77419869,=
Ze heeft kleine voeten der schoenen lijken op baby nike s,=
Dus ne klasgenoten houden hun kop tegen me dicht als ik een Nike petje draag me kaak aanspan en kijk met de ogen van een kikker,-
Hahaha waauw een man keek kapot lang naar me schoenen Zijn gewoon Nike Airforce hoor rustigg,=
RachellevdBrook Wat is er erg aan dan Ik heb ook Nike s,=
likeabirdie deze waren het toch Nike Lunar Glide 2 GRY WHT BLK http bit ly 9aqHnY,=
Nieuwe kortingsactie Nike tot 70 korting http goo gl fb TFLSm,=
Waarom zou je in vredesnaam een Nike tight dragen als normale kleding is dat hip ofzo,-
Isabel948 je hebt niet een nike s trutje,=
Sjoerddtie Aight welke dacht je aan Ik zou zeggen nike mercurial vapor 6 ofzo die nieuwste die schijnen keigoe te zijn nikeisvoorwinnaars,+
home/ homework aangenomen voor nike : d echt facking nice ! ! !,+
deventer bedje deventer koop je een mooi nike vest zit erachter de zak gwn een gat : o morgen maar weer even terug want vind ik nie zo tof,-
home wat een lekkere dag vandaag ! vanmiddag de tuin ff gedaan en toen naar de stad geweest om een ijsje te kopen met dais  en nieuwe nikes voor dais gekocht !  net lekker vissticks gegeten en straks weer op tijd naar bed want morgen gaan we naar blijdorp !,+
misschien helpt t wel als ik een nike petje op zet een bodywarmer aan doe en begin met roken . n√®h .,=
nike air max schoenen polos van lacoste en trainingspakken te koop,=
thuis adidas trainingspak nike airmax en twee gstar shirts gekregen . . . morgen voetballen tegen be quick aftrap 13 : 00,+
die nieuwe nike reclame is master !,+
"our kingdom zo me zoon vandaag zn nieuwe schoenen aan die ik een paar weken geleden al had gekocht witte nike air classics want zn tenen begonnen klem te zitten en vandaag nog een paar schoenen gekocht die wat goedkoper waren zodat ie die af kan trappen op school ;"" met al dat voetballen dat ie de laatste tijd doet . dan blijven die witte nikes een beetje netjes . dus nu zit me kind alweer aan maat 40  binnenkort ook weer nieuwe kleding kopen  shock  heartbounce :""",=
toffe video van nike ! rt johan  //youtu . be/dqx4d4g1u ? a,+
nike superfly roze met pinnen maat 41 wie o wie ? ! ! duurste uitvoering 400,=
hmm skinny lage kruis met hoge nikes http : //mypict . me/izgjy,=
sporten op stilletos met nike http : //www . bytom . nl/2011/03/sportenopstilletosmetnike/,=
opaas met nike petjes,=
heel erg blij met mijn kadoos en pappa en mamma en broertje en vrienden en al mijn vamilie ik ben jarig hoi hoi hoi  ik heb een nieuwe fiets een hamster een kleine labtop 100 euro aan kadobonen 150 euro geld een koole spaarpot met pinpas speelgoed twee trainingspakken van nike en nog veel meer morgen is mijn kinderfeesje en zondag komen alle gekke mensen alle nette mensen zijn deze week al geweest op mijn feesje,+
nieuwe nike airmax 90 en adidaspakken te koop . voor fotos laat ff een berichtje achter !,=
