PlayStation 2 is 150 miljoen keer verscheept De PlayStation 3 mag dan gehackt zijn dat betekent niet dat Sony ver http ow ly 1bkjzL,=
PSP 2 zal de PSP niet gelijk gaan vervangen Toen Sony met de PlayStation 2 kwam hebben de de voorganger niet laten http ow ly 1bkjzi,=
yes tv doet het weer op myn kamer ff playstation xbox aansluiten,+
Ik heb de playstation vandaag ng niet eens aangezet goed,+
Brammuss mis om de zombie map xd en heb nog wat geld over op playstation network xd,=
leren leren leren leren leren leren leren leren leren leren PLAYSTATION start nu per ongeluk op en de tv springt ook ineens aan Wat mooi,+
JuliaGandolfi OKE IK BEN BOOS GAAN ZE BOVEN ZITTEN MET HUN KUT SPEL OP DE PLAYSTATION MET AL DAT GESCHIET,-
die kneusjes hebben mijn playstation in gepikt en ze gaan maar niet weg nu moet ik er bij blijven zitten omdat mijn broertje ergens naartoe,-
Playstation gaat maar weer uit,=
Nog steeds internet in me kamer Nog steeds geen playstation dus,=
kirstenvdhoeven wat doet een duitser als hij het wk voetbal heeft gewonnen hij zet zijn playstation uit en gaat slapen hahaha,=
Ik denk dat Renzo zo genetisch veranderd is dat zijn kinderen later worden geboren met ingebouwde headset en PlayStation ogen,=
kk pijn aan me hand kk playstation als dat ding niet bestond had ik nu geen pijn aan me poot gehad jaja,-
camiel64 GTA ofsoo playstation huaha denkmaar hij gaat blackopps ofso spelen hahaahaha,=
kmoest van me pa me playstation uitzetten kut,-
Ik moet altijd die kut playstation updaten Ik word er gek van,-
RobertdeRuijter hij zou met Playstation Singstar geen voldoende halen op zijn eigen liedje maar hij is wel echt Vind m wel schattig,+
fifa doen playstation 3 BENG,=
Speel playstation na honderd jaar,=
Heb vandaag gwn niet cod gespeeld op me playstation totaal gwn niet aangeraakt,=
Kga die playstation pakken man dit is kut,-
Playstation 3 320GB met Move gekocht,=
3 uur snachts en ik ben klaarwakker Playstation wakker wordennnnnn,=
mattwol Van een goede vriend geleerd Playstation aan ondertussen Timo in de wipper bedienen met je voeten,=
Hij brak haar hart zij zijn playstation Wie huilde er harder,-
ben ff playstation 3 aan het spelen Dirt 2,=
Trouwringen ja precies Alleen beetje jammer van de PlayStation veel plezier vandaag,-
Fatih wilt zijn PlayStation vergouden haha,=
Zo m n PlayStation is ook ingesteld dus kan draadloos weer voetballen,=
Playstation stuur met pendalen Diversen Computers Telecom Dronten Koopplein nl http t co HK4Srmp via AddThis,=
16 jarige doodt moeder wegens PlayStation verbod Kendall Anderson een 16 jarige student uit Philadelphia heef http fok nl 430086,-
Wat zyn al die voetballers toch kleine kindjes In de afgelopen 2 dagen 2 artikelen gelezen dat ze op de playstation zaten drenthe pepe,-
PlayStation aan Fifa11,=
Crysis 2 en Killzone 3 gelekt HOOFDDORP Zowel de PC versie van Crysis 2 als PlayStation 3 game Killzone 3 zij http bit ly i5y4wR,=
"#topspin4 nu op voorraad voor #wii , #x360 en #ps3 vanaf ? 39 , 99 http : //www . castlegames . nl/shop/7593/playstation3/taketwo/topspin4",=
"woensdag 16 maart van 14 tot 16 uur gamen in bibliotheek centrum in samenwerking met gamerzparadize : wii , playstation 3 en xbox 360 .",=
"thuis , rivierenwijk xbox overleden ! toch ma opzoek playstation 3 ! ben de ring helemaal zat",-
playstation tekken 5 spelen met mijn man,=
fack me playstation is afgepakt en me laptop ! fack fack ! ik kan een week niet meer op skype en ook niet op man maar wel op hyves ! :,-
programmeur krijgt kinect werkend op playstation 3  //twk . rs/nhvu,=
#tweakers . net programmeur krijgt kinect werkend op playstation 3  //bit . ly/htdslg,=
de stad van vluchtelingen leiden dragon age 2 aan het spelen op mn playstation : d,=
crysis 2 graphics vergelijking tussen xbox360 en playstation 3 http : //bit . ly/efh7ge,=
"verkeerde interpretatie leidt tot geen afspraak met hyver=c0cooococo l hamza/hyver , erg jammer ! mezelf getroost met 3 playstation 2 games ! ! !",-
