net van scorro nu ff chille en interneten op de wii p,=
mirandakoelewyn tuurlijk is het leuker op de wii Guitar hero 3 for live P,+
gerdaaaaaaaaaa heb je nou al internet op de wii,=
ManonHofkes de wii is flink gebruikt haha ze waren kwart voor 3 volgens mij weg dus valt nog wel mee toch D,=
Nu MJ dansen wii,=
We hebben ook een wii thuis ja wist ik niet eens p,=
Haha het lukt op de wii twitter http yfrog com hswz9wij,+
zit nu op wii,=
mailje van onze WII in mijn mailbox BOE Leuke mensen hier in huis,+
Achter de wii gaan,=
Ik ga maar alleen wii en ofso,=
Ik wil echt die just dance op de wii een keer doen haah eerst een wii aanschaffe haha,+
na een drukke werkdag en dansen met de wii straks lekker even  en dan  want ik ben best wel,+
"almkerk wii fit plus , waar blijft mn strakke buikje",=
home vanavond mijn wii is uit proberen ; morgen avond lekker carnavaluhhh,+
"nu lekker thuis  ik ben weer druk bezig geweest vandaag  het hele huis gestoft en gestofzuigd , de ramen boven gezeemd , het speelgoed van de kids uitgezocht , de wasmand leeggewassen , naar de markt geweest en vanmiddag naar het zwembad geweest . de erwtensoep staat te pruttelen en de zelfgemaakte kaasbroodjes staan in de oven . vanavond nog een uur wiifitten en daarna",+
"straks toch maar een nintendo wii kopen , ik kan het niet laten : sorry hyver=whizzrinaldoibrinaldo/i/b/hyver",=
"home bochtend naar ikea gegaan ontbijten ensow , nu aan hett wiien  just dance 2 ! ! !",=
"in op onder de wii aan het wii en , ! met jesss",=
thuis fijn björn is lekker thuis  . hij is aan het wii  met een blob spelletje . maar telkens als het niet lukt  zit hij te schelden  en te springen .  wat heb ik dit toch gemist .  hahahaha dadelijk gaan we lekker naar buiten  kan hij zijn frustratie weg rennen .,+
"wii staat er weer , dus iedereen die langswilt komen voor n avondje . u r welcome :",=
best frustrerend om onder ogen te zien dat ik peers basketball score bij @nintendo wii sports resort niet kan verbreken ! !,-
"vandaag hebben de meiden een wii gekocht van hun eigen spaarcenten , is dat leuk of is dat leuk ? @ nu nog op het werk , vanavond thuis met 2 blije meisjes . . .",+
achter de wii 50 spellen voor de wii 80 euries ideaal,+
"home zo officieel lid van een sportschool zumba was super leuk maar kan daar ook andere groeps sporten doen , fitnessen en naar de sauna gaan onbeperkt ; heerlijk goed bezig en dan ook nog actie op de wii bezig nu : d wel falliet na vandaag haha",+
wii uit ons dak gaan ! ! ! !,+
", nou . . als jullie je de komende tijd afvragen of daan nog leeft . . jawel , maar hij heeft zojuist zijn wii geinstalleerd  marlinde :",=
bkijken of het internet op me wii het doet hoop het wel l /b,=
"effe wiien vanavond : dansen , tennissen enz .",=
vanavond nintendo wii avond wie haalt de hoogste score met bowlen ? ?,=
cafeneys vanavond nintendo wii avond . wie de hoogste score haalt met bowlen krijg 50 euro contant,=
"prevoorjaars schoonmaak wegens tijdgebrek verkoop ik mijn wii met balanceboard . dus als iemand interesse heeft , dan hoor ik het wel !",=
"ik wou dat er een spelcomputer beneden stond . . maar nee , de wii én de xbox staan boven op amys kamer en de ps3 staat bij stiefvader . .",-
hamsestraat wiien met sannel,=
wiien met broertjes,=
benede wiien met minibrada,=
wii fitte met lies !,=
ik heb weer qpang gespeeld   nu wil ik online met goldeneye 007 op de wii,=
met de dikke kont op de bank voor de verandering maar ff wii party met mandy spelen,=
nintendo wii dankjewel allemaal voor de lieve en leuke berichtjes ! hebben een super gezellige dag in antwerpen gehad ! zometeen nog even gebruik maken van mn verjaardagscadeau : d,+
heel erg zin in ! ! vrijdag : logeren bij saraaaaaa ! en dan gaan we usingen op de wii dansen pannenkoeken bakkken haha iedereen spammen leuke dingen doen,+
"zenderen chillen op de wii , nog even voor school bezig en dan vrije avond , morgen weer stagedagy",=
"sequoia stables , werken bte koop aangeboden/b : guitar hero world tour spel wii guitar hero metallica spel wii guitar hero metallica gitaar wii drumstel guitar hero wii in zowel de gitaar als het drumstel zit al een afstandsbediening . biwie bied ? /i/b",=
Wachten tot Dennis komt Broertje en oom spelen fifa en hebben een discussie of de wii een kutsysteem is of niet dikkelol,=
