RT dope2161 en voor een ieder die dit leest geert wilders is de shit,+
RT jordytjuhh1 daphnde geert wilders wat ben je een geweldige man D,+
RT MrDjStanley Geert wilders mijn beste vriend,+
Weg met die PVV ers Heil joop 19 800 views http img716 imageshack us i joopowned png pvv joop tuigdorp wilders apartheid ps2011,-
Wat is Wilders toch eng en lelijk,-
Wilders legt vinger op de zere plaats het CDA is nodig om die gevoelens te vertalen naar een werkbare en betere samenleving,+
Ook Geert Wilders heeft het moeilijk met de vrije meningsuiting http bit ly fRqYlG,-
lucasbenschop Bij de poll gaat het alleen om de burgerlijke verhouding tussen Wilders en de Vara niet over een grondrecht Andre Rouvoet,=
peterslager Ach ik denk dat Wilders die Nekschot gewoon beter vindt tekenen dan die Soesterbroek Smaken verschillen ook in de kunst,=
Wilders mag Schalken en Jansen horen http bit ly f1sOpv nieuws news,=
Jvdbeemt Krijgt die gekke Geert Wilders toch zijn zin Met een open internet zijn leugens ook zo achterhaald en mensen dom houden is niet,-
k snap wilders niet moslim cartoons mogen etc maar als hij getekendword isie boos http www geenstijl nl archives images godwingalore html,-
RT HappyLady1963 Wilders durft al weer niet in het openbaar te debateren Hij kan er niet tegen dat hij weer voor nazi word uitgemaakt,-
Islamscholen worden voorgetrokken http bit ly hZBts4 Allah is groot en islamisering bestaat niet pvv wildersproces pownews,=
ben je ergens te gast en dan kom je met dit http bit ly dNE3Jz wat zou wilders doen politiek denhaag,=
Wilders wilt nu speciale werkkampen voor tuig bouwen in iedere Nederlandse gemeente Ja werkkampen Waar hebben we dat eerder gehoord,=
DutchLikeMe Hoe is het geen vrijheid als Wilders wenst af te zien van een debat bij een omroep die hem als nazi portretteert,=
Het is weer Wilders laat iedereen maar stemmen op de PVV dan zijn we zeker de linkse zakkenvullers kwijt maar hebben dan een groot pro,=
Ekalo Ook Geert Wilders is erg ontevreden over Rutte 1 Er komt niet veel terecht van de mooie plannen di http tinyurl com 4bzocyz,-
Joop Pechtold Je verbiedt geen cartoons VIDEO D66 leider vindt het onfatsoenlijk dat Wilders een ander niet http bit ly guEWwI,-
Struikelde weer bijna over de persratten op de Parnassusweg Vanavond in het nieuws dus weer domme uitspraken van een haatzaaier wilders,-
Wilders totale oorlog is begonnen Ik lees Wilders eist censuur cartoon,-
nuclearfailure geertwilderspvv dan moet ie ook niet zo rottig doen en gewoon in debat gaan met de anderen pvv angsthaas,-
Tuig nederzetting klinkt alweer een stuk aannemelijker pvv wilders penw,=
brammoszko Ned1 Wilders en Hitler zijn idd NIET met elkaar te vergelijken,=
Zucht Wanneer staan we op tegen de terreur die Wilders over ons uitstort Alsof de rechters en OM geen belangrijkere zaken omhanden hebben,-
pff daar gaan we weer geert wilders BLABLaBLA,-
DutchLikeMe Jazeker De wet is de grens Niet of iemand zich beledigd wenst voelen want dat is een keuze en subjectief iets Wilders PVV,=
Oh en nu over Geert Wilders,=
haha lig in een deuk met de MADIWODO show paul de leeuw met z n liedje over Geert Wilders PAUL geef WILDERS EEN DIKKE VARA ZOEN,+
RT TillieFilth Whoa stuk over Wilders en die mediageile advocaat bij the daily show was erg goed tds dailyshow comedycentral,+
binnenlandsnieuws Zaak Wilders half maart verder http tinyurl com 4dzlphm,=
RT zaagvis De overeenkomst tussen WIlders en extremistische Moslims Ze zijn beiden niet gecharmeerd van cartoons Pvv,=
geert wilders gedoe op tv xd,=
RT WebDriePuntNul Portret van Geert Wilders op BBC 2 Alsof je erachter komt dat je alcoholistische zus op straat zit te pissen en de,=
We moeten niet bang zijn voor de Islam maar voor Geert Wilders en kornuiten wat zij willen is veel erger penw pvv,-
RT WebDriePuntNul Portret van Geert Wilders op BBC 2 Alsof je erachter komt dat je alcoholistische zus op straat zit te pissen en de,=
RT strafpleiter Wilders mag live voor TV Tom Schalken gaan ondervragen Ik ben er terzijnertijd bij Wildersproces,=
reageert op NUjij Wilders uit kritiek op kabinet 233 De poppenkast is weer op volle gang De http bit ly g4AT6R,=
nieuws Getuigen gehoord in rechtszaak Wilders http no nl Drc AMSTERDAM De rechtbank in Amsterdam wil raadsheer Tom Schalke,=
wilders is nr 7 trending topic in NL in afgelopen 4 uur http twimmer com h wilders twimmer,=
nu nl Getuigen gehoord in rechtszaak Wilders http no nl iXp algemeen,=
Jansen en Schalken getuige proces Wilders Getuige Hans Jansen en raadsheer Tom Schalken moeten worden gehoord a http bit ly hkvepE,=
Nieuws NOS Journaal Jansen en Schalken getuige proces Wilders http nlstemt eu e1y0Qn watkiestnl tk2010,=
